page,order,code,filename
2,1,2101,02_01_2101.jpg
2,2,2102,02_02_2102.jpg
2,3,2119,02_03_2119.jpg
2,4,2103,02_04_2103.jpg
2,5,2120,02_05_2120.jpg
3,1,2001,03_01_2001.jpg
3,2,2002,03_02_2002.jpg
3,3,2039,03_03_2039.jpg
3,4,2003,03_04_2003.jpg
3,5,2050,03_05_2050.jpg
4,1,2112,04_01_2112.jpg
4,2,2113,04_02_2113.jpg
4,3,2122,04_03_2122.jpg
4,4,2111,04_04_2111.jpg
4,5,2110,04_05_2110.jpg
5,1,2109,05_01_2109.jpg
6,1,2014,06_01_2014.jpg
6,2,2015,06_02_2015.jpg
6,3,2033,06_03_2033.jpg
6,4,2013,06_04_2013.jpg
6,5,2012,06_05_2012.jpg
7,1,2011,07_01_2011.jpg
8,1,2019,08_01_2019.jpg
8,2,2020,08_02_2020.jpg
8,3,2018,08_03_2018.jpg
8,4,2017,08_04_2017.jpg
8,5,2016,08_05_2016.jpg
9,1,2034,09_01_2034.jpg
10,1,2010,10_01_2010.jpg
10,2,2009,10_02_2009.jpg
11,1,2114,11_01_2114.jpg
11,2,2021,11_02_2021.jpg
12,1,2037,12_01_2037.jpg
12,2,2036,12_02_2036.jpg
12,3,2035,12_03_2035.jpg
13,1,2105,13_01_2105.jpg
13,2,2005,13_02_2005.jpg
13,3,2104,13_03_2104.jpg
13,4,2004,13_04_2004.jpg
14,1,2115,14_01_2115.jpg
14,2,2024,14_02_2024.jpg
14,3,2023,14_03_2023.jpg
14,4,2022,14_04_2022.jpg
15,1,2121,15_01_2121.jpg
15,2,2051,15_02_2051.jpg
15,3,2053,15_03_2053.jpg
16,1,2025,16_01_2025.jpg
16,2,2026,16_02_2026.jpg
16,3,2029,16_03_2029.jpg
16,4,2030,16_04_2030.jpg
17,1,2031,17_01_2031.jpg
17,2,2116,17_02_2116.jpg
17,3,2032,17_03_2032.jpg
17,4,2117,17_04_2117.jpg
18,1,2049,18_01_2049.jpg
18,2,2027,18_02_2027.jpg
18,3,2028,18_03_2028.jpg
18,4,2047,18_04_2047.jpg
19,1,2048,19_01_2048.jpg
19,2,2046,19_02_2046.jpg
20,1,2097,20_01_2097.jpg
20,2,2098,20_02_2098.jpg
21,1,2006,21_01_2006.jpg
21,2,2106,21_02_2106.jpg
22,1,2007,22_01_2007.jpg
22,2,2107,22_02_2107.jpg
23,1,2008,23_01_2008.jpg
23,2,2108,23_02_2108.jpg
24,1,2057,24_01_2057.jpg
24,2,2056,24_02_2056.jpg
25,1,2054,25_01_2054.jpg
25,2,2055,25_02_2055.jpg
26,1,4019,26_01_4019.jpg
26,2,4018,26_02_4018.jpg
27,1,4017,27_01_4017.jpg
27,2,4016,27_02_4016.jpg
28,1,4020,28_01_4020.jpg
28,2,4093,28_02_4093.jpg
29,1,4021,29_01_4021.jpg
29,2,4022,29_02_4022.jpg
30,1,4004,30_01_4004.jpg
30,2,4005,30_02_4005.jpg
30,3,4006,30_03_4006.jpg
30,4,4086,30_04_4086.jpg
31,1,4089,31_01_4089.jpg
31,2,4090,31_02_4090.jpg
31,3,4003,31_03_4003.jpg
32,1,4053,32_01_4053.jpg
32,2,4054,32_02_4054.jpg
32,3,4007,32_03_4007.jpg
33,1,4048,33_01_4048.jpg
33,2,4049,33_02_4049.jpg
33,3,4050,33_03_4050.jpg
33,4,4051,33_04_4051.jpg
33,5,4052,33_05_4052.jpg
34,1,4008,34_01_4008.jpg
34,2,4009,34_02_4009.jpg
34,3,4087,34_03_4087.jpg
34,4,4088,34_04_4088.jpg
35,1,4010,35_01_4010.jpg
35,2,4011,35_02_4011.jpg
35,3,4012,35_03_4012.jpg
35,4,4056,35_04_4056.jpg
36,1,4057,36_01_4057.jpg
36,2,4055,36_02_4055.jpg
36,3,4013,36_03_4013.jpg
37,1,4014,37_01_4014.jpg
37,2,4015,37_02_4015.jpg
37,3,4058,37_03_4058.jpg
37,4,4001,37_04_4001.jpg
38,1,3003,38_01_3003.jpg
38,2,3004,38_02_3004.jpg
38,3,3005,38_03_3005.jpg
38,4,3006,38_04_3006.jpg
39,1,3001,39_01_3001.jpg
39,2,3002,39_02_3002.jpg
40,1,4047,40_01_4047.jpg
40,2,4023,40_02_4023.jpg
40,3,4024,40_03_4024.jpg
40,4,4025,40_04_4025.jpg
41,1,4026,41_01_4026.jpg
41,2,4027,41_02_4027.jpg
41,3,4028,41_03_4028.jpg
42,1,4029,42_01_4029.jpg
42,2,4030,42_02_4030.jpg
42,3,4031,42_03_4031.jpg
42,4,4032,42_04_4032.jpg
43,1,4033,43_01_4033.jpg
43,2,4034,43_02_4034.jpg
43,3,4035,43_03_4035.jpg
43,4,4036,43_04_4036.jpg
44,1,4037,44_01_4037.jpg
44,2,4038,44_02_4038.jpg
44,3,4039,44_03_4039.jpg
44,4,4040,44_04_4040.jpg
45,1,4041,45_01_4041.jpg
45,2,4042,45_02_4042.jpg
45,3,4043,45_03_4043.jpg
45,4,4044,45_04_4044.jpg
46,1,4045,46_01_4045.jpg
46,2,4046,46_02_4046.jpg
46,3,4083,46_03_4083.jpg
46,4,4084,46_04_4084.jpg
47,1,3040,47_01_3040.jpg
47,2,3041,47_02_3041.jpg
47,3,3042,47_03_3042.jpg
47,4,3043,47_04_3043.jpg
48,1,3044,48_01_3044.jpg
48,2,3045,48_02_3045.jpg
48,3,3046,48_03_3046.jpg
48,4,3047,48_04_3047.jpg
49,1,3048,49_01_3048.jpg
49,2,3049,49_02_3049.jpg
49,3,3050,49_03_3050.jpg
49,4,3051,49_04_3051.jpg
50,1,3052,50_01_3052.jpg
50,2,3053,50_02_3053.jpg
50,3,3054,50_03_3054.jpg
50,4,3055,50_04_3055.jpg
51,1,3007,51_01_3007.jpg
51,2,3008,51_02_3008.jpg
51,3,3009,51_03_3009.jpg
51,4,3010,51_04_3010.jpg
52,1,3011,52_01_3011.jpg
52,2,3012,52_02_3012.jpg
52,3,3013,52_03_3013.jpg
52,4,3014,52_04_3014.jpg
53,1,3015,53_01_3015.jpg
53,2,3016,53_02_3016.jpg
54,1,3017,54_01_3017.jpg
54,2,3018,54_02_3018.jpg
54,3,3019,54_03_3019.jpg
54,4,3020,54_04_3020.jpg
55,1,3021,55_01_3021.jpg
55,2,3022,55_02_3022.jpg
55,3,3023,55_03_3023.jpg
55,4,3024,55_04_3024.jpg
56,1,3025,56_01_3025.jpg
56,2,3026,56_02_3026.jpg
56,3,3027,56_03_3027.jpg
56,4,3028,56_04_3028.jpg
57,1,3029,57_01_3029.jpg
57,2,3030,57_02_3030.jpg
57,3,3031,57_03_3031.jpg
57,4,3032,57_04_3032.jpg
58,1,3033,58_01_3033.jpg
58,2,3034,58_02_3034.jpg
58,3,3035,58_03_3035.jpg
58,4,3036,58_04_3036.jpg
59,1,3037,59_01_3037.jpg
59,2,3038,59_02_3038.jpg
59,3,3039,59_03_3039.jpg
60,1,42425B-S,60_01_42425B-S.jpg
60,2,42425B-M,60_02_42425B-M.jpg
60,3,21-0178-XL,60_03_21-0178-XL.jpg
60,4,XYGMG2014W-L,60_04_XYGMG2014W-L.jpg
60,5,X2000,60_05_X2000.jpg
61,1,4081,61_01_4081.jpg
61,2,4082,61_02_4082.jpg
62,1,4059,62_01_4059.jpg
62,2,4060,62_02_4060.jpg
62,3,4061,62_03_4061.jpg
62,4,4062,62_04_4062.jpg
63,1,4063,63_01_4063.jpg
63,2,4064,63_02_4064.jpg
63,3,4065,63_03_4065.jpg
63,4,4066,63_04_4066.jpg
64,1,4067,64_01_4067.jpg
64,2,4068,64_02_4068.jpg
64,3,4069,64_03_4069.jpg
64,4,4070,64_04_4070.jpg
65,1,4071,65_01_4071.jpg
65,2,4072,65_02_4072.jpg
65,3,4073,65_03_4073.jpg
65,4,4074,65_04_4074.jpg
66,1,4075,66_01_4075.jpg
66,2,4076,66_02_4076.jpg
66,3,4077,66_03_4077.jpg
66,4,4078,66_04_4078.jpg
67,1,4079,67_01_4079.jpg
67,2,4080,67_02_4080.jpg
